,charge
0,
1,PRO
2,CIVIL
3,O PRESCR
4,MARKS
5,NO IN
6,OTH SEX ACT
7,81756403
8,54011003A1
9,COMP
10,MONEY LAUN
11,OBT FRAUD
12,POSN SUSPENDED
13,TAX
14,8761400
15,PARK REG
16,10
17,O LICENSE
18,81201402A
19,ELDER
20,83205002
21,ROBBRY
22,RECS
23,KID
24,81750501
25,SERIAL NUM REQ
26,OWN TO TRAF
27,DL APPL
28,TESTIM
29,DIS ADL
30,RESIST OFFICER
31,48912701A
32,MORT
33,8230100
34,89313001A2
35,5091430
36,PSN
37,POL DG
38,210180010A
39,85604001
40,ORG SCH FRD
41,FISH
42,32733001
43,400>
44,FRA SUB MIS WO CM AP
45,<50K
46,RBRY
47,ACCIDENT
48,BOATING UNDER INFLU
49,89313501C3
50,IMPORT
51,VEH INSURANCE
52,OBL GR MANGR SNAPPER
53,CRED CRD FRD
54,RACKETEER
55,$10K+
56,3223500
57,PROMT
58,89313505B
59,MET CON
60,PUR >10GR
61,PHONE CALL
62,84701373
63,WEA
64,FALSE AFFIDAVIT
65,REC SEA CLO
66,PUR>1B W
67,WILDLIFE
68,PAROLE VIOLATION
69,V<18TR-PBL
70,89610103A
71,SEX BATT
72,3RD OR SUB CONV
73,CNTFT
74,DL COMMERCIAL
75,DRAG RCNG
76,CODE INSPE
77,BARB
78,8771110
79,MOV MIS DEAL LIC
80,62656103B
81,89313501C1B
82,<12
83,81201402B2
84,ENVIRON PERMIT VIOL
85,48912704
86,CRIM MIS
87,VIC
88,CRED CARD
89,CONSUB
90,9443900
91,RELIG INSTI
92,TRANS
93,FINANCIAL SUSP
94,OR .15 >
95,9959940
96,89313501B1C
97,0090900
98,2
99,UNLAWFUL USE
100,0240414
101,78408102
102,78701003
103,CHLD <16
104,FAIL PROV PROF INSUR
105,INFO
106,89313007A9
107,78701001
108,CONSPR
109,PRES
110,IMPEDE
111,82703002A
112,VEH REGISTRATION REQ
113,VIC COMP
114,89313501N1
115,32700733
116,VEH STP LAMP TIN
117,LIVE
118,WARR
119,81201403A
120,87727001
121,31933007A
122,PUBLIC
123,CERT USE
124,0149500
125,OBEY TRAF
126,0218100A5
127,31602702B
128,SEX PERFRM
129,V12-17
130,37924311E6
131,GRAND THEFT
132,ADVERT
133,WATER MAN DIST
134,LEG DRG
135,CON AN SO CON VI MAR
136,8175100
137,CHECK
138,SHORT-BARRL GUN
139,MANSLAUGHTER
140,C
141,ADT
142,AMM0
143,0371100
144,MOLEST
145,PROSTITUTE
146,32739501
147,80613001B4
148,89313001C1E
149,INTNT
150,322340010A
151,7840210J
152,9342150
153,56012505C
154,10+
155,1023770
156,2D FEL
157,25>
158,FIREA
159,HE
160,SC
161,ORGANIZED FRAUD
162,79015004
163,GAMBLING VIOLATION
164,31933004
165,GAMES OF CHANCE
166,CAP-PBL
167,FRAUDULENT REFUNDS
168,89313001B
169,ORDINANC
170,G TFT 3D
171,TRNS
172,FLEE
173,FA INF
174,FALSE REP
175,INTERSECTN
176,VENDING
177,NRML FAC IMPAIRD
178,9959880
179,3275000
180,0040100
181,WORK COMP
182,FRD
183,SEX OFND
184,CONVY
185,31700122
186,SPORT
187,31930004
188,CONSP
189,04075373
190,32008487
191,UNSTAMP CIG
192,32232001
193,PROC <18
194,71378008
195,CNTRFTNG GDS
196,ATTM
197,78706003A
198,03920503
199,DRUG PARA
200,790060015
201,CURFEW VIOLATION
202,10-14
203,<6
204,DEFY
205,81201701
206,FREE PASS
207,84319004
208,INSTALL TRACK DEVICE
209,PROOF
210,MURDER 2ND
211,39492234B
212,81201952
213,L&L CD
214,WV
215,80613001B2
216,O TST
217,TRANSMIT
218,79401102
219,CNFT
220,81201402B4
221,COMM USE SINGLE FAM
222,3+
223,89313501C1A
224,0232300
225,LARCENY
226,89313001A1F
227,D>18
228,03047403B
229,NEW
230,0144180
231,30K>
232,POL OFC
233,EDUC INST
234,WLS
235,PRO ACT
236,DERIVE SUPT
237,56012505A
238,SCH SFT ZN
239,CONSP TRAF
240,SCHOOL
241,50
242,PAYOF
243,PROH USE
244,CONC
245,CORR INSTITUTE
246,REFUSAL SUB BREATH
247,>THAN 1 FLORIDA
248,31619302B
249,IMPREGNA
250,C<16
251,CARJACKING
252,PROPERTY
253,MED CARE PRO
254,80004007AB
255,37937611
256,89610404A3
257,0585800
258,UNOCC
259,DEFRAUD RETAILER
260,MUR2D
261,FALSE DISPLAY
262,ASST LIV FAC
263,CHILD ABUSE
264,TREATMENT PRG
265,AT
266,89313505F
267,LIABLE
268,DUMP
269,FLS STMT
270,0242400
271,37940102A
272,91422004E
273,UN
274,REG NUM DISPLAY
275,OPENLY CARRY
276,60+
277,83103001A
278,FIRE SAFETY
279,ATT FEL MUR
280,53823003B
281,AGRI SITE
282,MUR
283,7840450L
284,79027001A
285,CULPABLE NEGLIGENCE
286,CARRIED WP
287,EGG BR
288,ALTER ID NUMBER
289,OR MOVER
290,PUBLIC PROP
291,PERMI
292,9959970
293,RCKLS DRVNG
294,SOLI
295,$100K
296,DOING BUS W
297,81013002
298,CONTRI DELINQ MINOR
299,INF PRF
300,53809001
301,80603102
302,TELEP DENIAL OF SERV
303,89313501B1
304,DISMANTLE
305,81723401A
306,31606601D
307,DR
308,81009002E
309,UNL PROC
310,79607002C
311,ATTMP
312,POL
313,025200021
314,SUB OF
315,COIN OP MACH
316,77526108
317,FRAUD USE<18
318,HUMAN TRAFF<18 COMM
319,21018001
320,NOT HAVE
321,FALSE IMPRISONMENT
322,8370600
323,OUT ON PROBATION
324,BIKE
325,0-300
326,PLC
327,EMP19
328,REF
329,4130800
330,MOV TRA SPEED 3D VIO
331,89313511
332,VEH-PBL
333,91422004C
334,SUS
335,IN PRK
336,20620001
337,CHILD<16
338,0212600A1
339,83103203A2
340,78408002B
341,OUT ON FELONY BOND
342,89313001C2D
343,AGG FLEE
344,COCAINE
345,SELL W
346,7901700
347,ILL DRGS
348,32215002
349,80613002
350,DUI MANS
351,89313001D2C
352,L&L MOL CHLD 12-16
353,DEBIT CARD
354,0087000
355,DEFRD
356,COMPUTER PORNOGRAPHY
357,80601002
358,89610105A
359,8313000
360,SEC HND
361,O VALID CDL
362,8430250
363,5621200
364,STU
365,7840210L
366,81703404A2
367,TRN
368,06814003507
369,31619353B
370,SEX
371,CONCEALED F
372,MISBRAND
373,CORRECTIONS
374,8470130
375,TOMB
376,POSN UNDSZ
377,INFORM
378,7
379,32203101
380,REP
381,POS ST
382,89313501A
383,MED MARIJU
384,HUMAN TRAFFICK
385,LOC VIOL
386,31600831D5
387,ALTER
388,3862040
389,45832701A
390,89313501C2D
391,2ND CON
392,ORDER INTO CUSTODY
393,SELL
394,8370550
395,300><10000
396,3RD> VIOLATIO
397,48912605B
398,PUBLIC RECS
399,DRUG ALC TREAT
400,"PANHANDLING, BEGGING"
401,ELE 
402,CRIME
403,0676700
404,5065080
405,>300<20
406,WRONGFUL
407,71507002A7
408,UNNUMB
409,FED TAX
410,81200132B
411,32807002
412,SCHM DFRD
413,VIDEO VOYEUR
414,BEACH
415,BUILDING BONFIRES
416,UNOCC CONVY
417,0142510
418,CARELESS OPER
419,PANH
420,SEXPERF
421,UNATHRZD # DISP
422,81756853A
423,78404903A
424,78205102
425,78404501A2
426,TRAFFICKING
427,FF
428,0820010A
429,DRUGS
430,UNLAW ALTER
431,32007003B
432,3949270
433,SUBQ OFFN
434,9960020
435,78407002D
436,2011100
437,BOMB
438,31619301A
439,8282400
440,POLICE BADGE
441,POL K9
442,MOTORCYCLE ENDORS
443,5621600
444,79031002B
445,>50K
446,81756802A
447,DERIVE SUPP
448,AIDING
449,THREATS
450,78706003F1
451,DISP
452,REFUS TO SIGN SUMMON
453,PANHANDLING
454,BEHAV
455,FLS ADV LIC
456,BURG
457,CHURCH
458,5065090
459,H INV
460,PARK ON STREET
461,FGT
462,81748103A
463,81002002A
464,UNLAW POSS <4 IDENT
465,FIN INSTIT
466,5620100
467,CONTRFT
468,7840850
469,CONTAIN
470,UTTERING FORGED BILL
471,L&L CHILD
472,31602702C
473,31664601
474,TRNSPT W
475,65503226
476,SIGNING
477,25+WRU TAIL
478,O PRES
479,SEX W
480,89313001E
481,89313501C1
482,VIOLATION
483,44010504B
484,COMMITMENT ORDER
485,32807004B
486,5620200
487,UNAU
488,NO M
489,COR
490,0383800
491,STLN VEH
492,O LIC
493,SECHND DL
494,HOLD
495,8310200B
496,81201402A1
497,EGGS
498,7840110
499,150+
500,82812001
501,CREDIT CD
502,FA
503,MA
504,40341306B
505,78702502A
506,DRUGGED
507,BREATH
508,89313007A5
509,FIR
510,81760002
511,40416103
512,94447001A
513,31619352
514,D WEAPON
515,SALVAGE VIOL
516,VIO INJ PRO AGT STAL
517,1KF
518,BUILD W
519,BURN
520,0100200
521,METAL REC FAIL
522,GANG
523,CH
524,FLS STM
525,SNP
526,COUNTERFE
527,OFFENSES AGA
528,16
529,8310700
530,BREACH OF THE PEACE
531,UNA
532,FRD USE
533,C STOP PAY
534,BUR
535,ON MINOR
536,83131001B
537,OBSC MAT
538,46501502C
539,WRITTEN THREATS
540,31922005
541,L&L CHLD<12
542,FAIL TO REP VAC
543,FORG
544,32754002
545,FIREFIGHTER
546,THREATEN
547,3210510
548,78402101B
549,7940500
550,ADDR CHANGE
551,3205800
552,ROB
553,86014504B
554,RESIST
555,89313505C
556,MONEY LAUNDERING
557,DISCH
558,CNSP
559,ISSUE
560,3277200
561,FLS
562,32754001F
563,79006001
564,78204001A1
565,82703001
566,VIOLAT
567,7>
568,OCC STRUC
569,8231000
570,0242200
571,RECK DRVG
572,47421301A
573,<25
574,89313505J
575,ROBBERY
576,0704000
577,31930005B
578,14G>
579,OBS HAR MAST
580,81756405
581,ALLOW MINR DRIVE
582,89313501L1C
583,32878001
584,FICT
585,WRIT THR
586,3200610
587,32735001
588,31933001A
589,32105103B
590,WILFUL DISRE
591,18
592,44010504A2
593,FALSE ENTRY
594,48912701
595,UTTER FORGED INSTRU
596,FRG
597,INDTRM
598,PK VEH
599,MANIFEST REQU
600,FAB PHYS EVIDENCE
601,ESC
602,ATTEMPT
603,89313501C3B
604,81752002
605,02131001B
606,89313007A8
607,3161890
608,STMT
609,PETIT THEFT 2> CONV
610,FAIL MAINTN
611,91422002F
612,0300400B15
613,DSK
614,S
615,LEV EQUIP
616,32733002
617,37924311E5
618,0-200
619,81760001
620,NO SMOKING IN PUBLIC
621,WINDOW
622,1D FEL
623,WINDOW WASH
624,AGG BATTERY
625,HUMAN TRF
626,81002003C
627,WRK CMP
628,32007003C
629,GRAFFITI
630,PED
631,31629541
632,DRIVE
633,0040300
634,EQ
635,8175000
636,FALSE RPT TO POLICE
637,BOATING SAFETY REG
638,DEFACE
639,SEX TRANSMISS DIS
640,PURCH
641,78408002A
642,PROD
643,0212100
644,VEH INS CARD
645,CAN
646,31620452
647,PHYS EVIDENCE
648,G THFT
649,OPER LIC
650,COUNTERFT
651,PROCURE
652,DWELL
653,COUNTERF
654,"MUN, CNTY"
655,81753502A
656,32805003B
657,RELIG
658,BREATH LEVEL
659,32807003A
660,79401108A
661,FLS IMPRSON
662,9959960
663,OFF PROC
664,VIOL FWC RULE LEV 2
665,80004004
666,79011502D
667,CIG SALE W
668,0682400401
669,3201300
670,BAIT
671,7750846
672,EMPLY
673,81214002B
674,11253304
675,RA
676,MOTORCYCL EQUIP VIOL
677,ATTEMT
678,SANITARY NUISANCE
679,381986012B
680,62656103D
681,DEFACAT IN PUB
682,FEL
683,HARBOR
684,MED MARIJUANA
685,82812203B
686,2ND TEST
687,75K>01-03
688,CAREER CRIM
689,<14G
690,INJ
691,UNDERSIZED LOBSTER
692,0393200
693,8310900
694,AGB
695,UNLAW FILE FAL DOC
696,CAVE VANDALISM
697,5621110
698,ENTR.REMAIN
699,-300
700,82812203A
701,REFUSE TEST
702,MINOR
703,47542001A
704,HUMAN REMAINS
705,74131004C
706,31661404
707,81213502A
708,CNTRFTNG
709,SAFETY
710,7840450
711,20-100K
712,7840410
713,ASS AGG
714,81216002
715,89610105C
716,GRAND THFT 1ST
717,8370500
718,79023301
719,81762502C
720,PORN
721,CON SUB
722,HOME INV
723,-750
724,25-2000LBS
725,REC
726,91414001B
727,INT
728,499005014
729,HARASS COM PER OBSCE
730,WINDOW WASHING
731,10>IN
732,SELL.DEL W
733,81723412A
734,0212600
735,3162210
736,POSN OF INSTR SIM
737,PERJURY
738,CONCEALED WEAP
739,78404803
740,AGGR
741,CONSPI
742,VESSELL
743,37933131
744,79402302A
745,83705001B
746,REDLV <300
747,DEA WEAPN
748,89313002A2A
749,DWL
750,MEET MINOR
751,81723501
752,8430100
753,32805003C
754,3203800
755,HABITUAL
756,DRG RCNG
757,PAWNBRK
758,7840470
759,83205003A
760,20+
761,ST
762,O CARD
763,CURB DRNKNG
764,REGISTRATION
765,PAYM
766,83705001A
767,STOLE
768,36516002
769,TRAFF
770,81752003
771,BCH PRESV
772,CRAWFISH OFFENSES
773,KEP
774,GAMING
775,TRES VIO POST RESTRI
776,MONSH
777,83205003
778,T
779,2013
780,GRD THEFT
781,48912702B
782,ANM
783,53804004A
784,PROT
785,4>
786,FALSIFY
787,FUEL
788,MNR
789,RES
790,POSS UNTX BEVS
791,VSSL
792,INST
793,81201402C1
794,EQUIP
795,ACC MINOR IN VEH
796,BEF 10
797,INJ HEALTH
798,GRND THFT
799,TRIP RECD
800,LEVEL
801,BOD HARM
802,49363015
803,LITTER LAW
804,8490800
805,81201402C6
806,OC
807,1420109
808,FAIL REG
809,81506002A
810,SEAT BELT VIOLATION
811,OPERBOAT 30 DAYS PUR
812,MARIJUANA
813,31619102B
814,28GR>
815,CURFEW
816,SERIOUS BOD INJU
817,31606101
818,V18+
819,L
820,REGISTR
821,RACKETER
822,8121350
823,0081790
824,FLS PERSONATE OFF
825,MANATEE
826,81213502C
827,EL
828,FAIL OBTAIN
829,81201402B3
830,81762502A
831,8175400
832,LSD
833,78207003
834,D LICEN
835,28>
836,8176110
837,RESIST ARR W
838,NARCOTICS
839,AIR
840,83131101
841,8311300
842,BB GUN
843,BREACH SEC
844,DRUG
845,POSS UNDSZ
846,0824430B
847,PUR 10GR>CO
848,"FALSE, FRAUD"
849,81756804
850,300>
851,AGG PANHNDLING PROHI
852,AFFRAY
853,8590100
854,3161940
855,89313001C2H
856,AMMO
857,BUS LICENSE
858,32203001B
859,89313005B
860,54011003B2
861,OL
862,GAN
863,MURDER 2 DEG
864,FRAUD
865,TRNF TTL
866,COLL
867,0304740F
868,9959990
869,ENGAGE
870,STRT
871,HARASS
872,CATS
873,P
874,SEX MISCND
875,MUR 2
876,8761200
877,TRF LAW
878,89313501C3D
879,CON W
880,EST
881,20-50K
882,82510302B
883,81002002B
884,82510254B
885,32232005
886,POS PRH SP
887,37936604C3
888,OBSTRT
889,DETENT STAFF
890,TICKET
891,ACT W
892,80004004A2
893,8560150
894,SALVAG
895,0-20K
896,LOTT FRAU UNATH TERM
897,78408201
898,BODHRM
899,32232003
900,ADLT
901,UTIL
902,< 6 MOS
903,3202600
904,ABUSE
905,3860510
906,SEX ACTIV
907,INS FND
908,81002002C2
909,EXPIRED 6 MTHS+
910,SOL
911,PRISON
912,VEHICLE W
913,FRAUD OBTAIN SERVICE
914,06271152003
915,>300<20K
916,81008002C
917,83205004
918,81753505B
919,89610102A
920,REFUSE LEAVE
921,FIREARM
922, PREJUDICE
923,FIN T
924,SOLICITATION
925,EVADE
926,82510202
927,BRIBE
928,FRA STA MIS INF TITL
929,NO PRESC
930,BAT AG
931,8700480
932,REQ TO TOW VEH
933,USE COMT FEL
934,28G>
935,THREAT TO THROW
936,0500157
937,EAT
938,78701001L
939,8380220
940,ONE> CONV
941,8310200
942,DESTROYING
943,DRIVING W
944,LAW OFC
945,32257004A
946,GR TFT
947,78404501A
948,IMPERSONA
949,ALCOHOL VIOLATION
950,0542000C
951,80004004A
952,8430300
953,GAMBLING DEVICE
954,06814003601
955,8431650
956,FALSE IMP
957,UTILITY
958,5091510
959,BOAT SAF
960,MOT VEH
961,WRITTEN THREAT
962,CREDIT CARD
963,LOITER
964,8172360
965,81703404B1
966,RECPT
967,ARSON
968,81201508
969,STLN PROP
970,48912701B
971,INVOICE
972,YIELD
973,ADMINISTRATIVE HOLD
974,UNOC
975,REVK
976,100+
977,0111100
978,JUV
979,1611210
980,ARREST WARRANT
981,L&L CONDUCT
982,79023001
983,2ND&SUB
984,AG
985,78404807
986,ATT LIC NOT ASSG
987,45606502D2
988,OFFCL
989,FIRST
990,OBST
991,9212440
992,LL MOL
993,6331510
994,LI CARRY CON
995,UNNATURAL & LASC ACT
996,JAIL
997,89313501F1B
998,HIV
999,5065130
1000,0150020
1001,FIN INSTI
1002,49900504
1003,89313501D1
1004,HOAX BOMB
1005,CO
1006,STAGED ACC
1007,3162953
1008,32807001
1009,0212810
1010,89313001A1O
1011,MEM
1012,GROUP
1013,9344300
1014,31619203C2
1015,PROSTI
1016,0073000
1017,BRIDGE
1018,ARRESTABLE
1019,78706003F
1020,OP AFT DK
1021,84915001
1022,VIOL
1023,HEAL SAF TAM POL CON
1024,SEX BATTERY
1025,ALCOH
1026,O TAX RCPT
1027,0218100A4
1028,81760005
1029,SUBLEASING
1030,PHN CALL
1031,CNSUB
1032,RETAIL
1033,PARK HRS
1034,48912701I
1035,8175621
1036,32735201A
1037,WVI
1038,EM
1039,OBSTR STREET
1040,TIC
1041,DAM PHONE
1042,44038102
1043,CORR
1044,CHLD AB
1045,80004007AC
1046,MORPH
1047,IMPERS S FIR MARSHAL
1048,030388011
1049,4542300
1050,78706003H
1051,FLS RT<300
1052,CIRC SUBST CURRENCY
1053,-50K
1054,CTY ORD
1055,32754001C
1056,81201402A2
1057,AG BAT
1058,81213002A
1059,14
1060,UNL ART
1061,ORG SCEME DEFR
1062,IN STATE
1063,VEH SIGNAL
1064,A BATT
1065,SOL ANOTHER TO
1066,PERMIT REQ SOLID WAS
1067,STREET
1068,C OBTN PROP
1069,89313501B1B
1070,PROH MG ORD
1071,3701400
1072,4TH OR SUBS OFF
1073,81504001
1074,5621800
1075,068130071
1076,VIN PLATE
1077,4501320
1078,78205101
1079,FLUNI
1080,HER
1081,FIRE EX
1082,83103202
1083,WIFL KEEP
1084,THREA
1085,HNDCF KEY
1086,78405002
1087,ACCESSORY AFTER FACT
1088,AFT ARRT
1089,SEX ACTIVITY
1090,81752001
1091,COMPUTER USERS
1092,10-19
1093,32300202B
1094,TRICK
1095,CRU
1096,SALES TAX
1097,81201452A
1098,400G>
1099,81201702
1100,RESTR
1101,CHLD<16
1102,RES OFF
1103,SER
1104,UNOCC DWELL
1105,300+
1106,SEARCH WARRANT
1107,OBSTRUCT EXTIN
1108,ILLEGAL DEVC
1109,86014602
1110,81201402E
1111,ATTEM
1112,SNPR
1113,84308102
1114,89610105B
1115,78703001
1116,<100
1117,VIT STATS
1118,MIA
1119,INTERFER
1120,COMT USR
1121,WRECKER OPER
1122,VIO DESIGN OP AREA A
1123,8000400
1124,0142000
1125,DOMESTIC VIOL WARRNT
1126,GAMB HOUSE
1127,OFFN
1128,D18+
1129,TRES
1130,32002006
1131,COMMIT
1132,82813002
1133,ACC AFT FCT
1134,81723408B
1135,9959950
1136,TEST
1137,LICENS
1138,CONTRACTOR VIOLATION
1139,32253001
1140,FORGED BILLS
1141,SUBJECT ON PROBATION
1142, >100K
1143,32754005
1144,STLN PRO
1145,POSN OF STOLEN
1146,DRV WHL PERM
1147,78706003G
1148,TAM
1149,SOLIC
1150,8361000
1151,50924102
1152,31619354B
1153,79016102
1154,37940102A2
1155,56200111A
1156,PRP
1157,31619301
1158,CONDUCT
1159,50+ CT
1160,7840780
1161,9000400
1162,9444500
1163,CUSTODY
1164,31619301B
1165,PREG
1166,DW - PBL
1167,STND
1168,PRESCR DRUG
1169,40372703B4
1170,81703404A3
1171,CON ENV TRAN HAZ WAS
1172,DWEAP
1173,RES VIOL
1174,BOOKMAKING
1175,45606502D1
1176,HAND PARK
1177,8311100
1178,TEMP TAG ISSUE
1179,2D CON
1180,OCC DWL
1181,O LICS
1182,CNCLE
1183,81009002D
1184,O ID
1185,REQUIREMENTS
1186,81506003B3
1187,SOLICIT
1188,C CASH W
1189,EXP
1190,RECREATING DISCH FA
1191,MIS
1192,PURCHASE
1193,8492310
1194,87202002
1195,RUN RED LITE
1196,PUBLIC URINATION
1197,41511101
1198,TAMP
1199,7412900
1200,PUB ORD UN WREC SOLI
1201,PUBL ADJUSTER
1202,944607013
1203,10G+
1204,101
1205,82812603
1206,POSS
1207,89313004B
1208,BLUE CRAB TR
1209,CON SUBS
1210,2523100
1211,0370200
1212,FELONY
1213,79401104E
1214,78405001
1215,LOBST
1216,WRK CLM
1217,78404101
1218,1000F
1219,BOD HAR
1220,79401105G
1221,DISCL CONFI
1222,LAR
1223,8174110
1224,FRAUD REP
1225,81213002CM
1226,8600900
1227,PAWNSHOP
1228,RECK DRV
1229,100K
1230,89503003
1231,0218100AR
1232,200G><400G
1233,1000FT
1234,02411805B
1235,3160740
1236,HAR
1237,8380160
1238,POS UNDER
1239,81201402C4
1240,CHILD-13
1241,79607002A
1242,18> RESP <16
1243,OBSTRUCT POLICE
1244,INJUR
1245,0681400357G
1246,50+
1247,ON STREET
1248,ATTMT
1249,IMAGES
1250,94806101
1251,PUB RDS
1252,HOTEL EMPLOYEE
1253,O REG
1254,OBSTRUCT POLICE OFF
1255,PERS OFF
1256,HANDBILL
1257,ALLIGATOR POACHING
1258,89313501K1
1259,ROBB
1260,DISFIGU
1261,BOAT LIVERY
1262,ALT DOB
1263,FELON
1264,BOAT
1265,DISAB
1266,MOL
1267,SIDEWALK
1268,SLOT MACH
1269,0682400501
1270,86014504A
1271,PERSON
1272,UNAUTH
1273,RET TFT
1274,HARMFUL
1275,31619351
1276,PROP OTH
1277,O HEADLTS
1278,FAIL TO RELEASE
1279,POSN ID DOC
1280,0150600B1
1281,3161995
1282,78404501A1A
1283,SER INJURY
1284,78204001
1285,32746002
1286,89301351C4
1287,L&L BAT CHD
1288,50K+
1289,02136001
1290,UNLAWFUL ASSEMBLY
1291,OBTN
1292,WEAPON
1293,78205103
1294,OBS
1295,8430600
1296,HOLD FOR AGENCY
1297,81762003B
1298,DAIRY CASE
1299,8176450
1300,37937511A
1301,91813001A
1302,81214008
1303,78706003A2
1304,LSA
1305,FAIL TO SIGN
1306,81213002C
1307,83802101B
1308,0218100A7
1309,FORGED
1310,SECURITY OFC
1311,VULNERABLE
1312,SIGN POST
1313,79605002A
1314,79015001
1315,FAIL TO REGIS
1316,80610002
1317,REQ REPORT
1318,89313501J2A
1319,3200605
1320,32730005
1321,PSSNGR
1322,79401104F
1323,SCH
1324,79400105B
1325,TRANSIT FARE
1326,79015002
1327,NOTARY
1328,INCITE RIOT
1329,ATT FEL MURDER
1330,V>18
1331,MIA INTL
1332,32221205A
1333,31619391E
1334,ABANDONED
1335,80004005C2
1336,8176310
1337,AD
1338,48HR
1339,8491100
1340,300>C
1341,RECRUIT
1342,O WEAP
1343,77703002A
1344,HOLD FOR IMMIGRATION
1345,82510364A
1346,MER
1347,BEF10
1348,2ND VIOLATION
1349,81002003B
1350,GRAND THEFT 1ST DEG
1351,40341304A
1352,DMG
1353,8170370
1354,77703002D
1355,MOTOR FUEL
1356,CON SUBSTANCE
1357,32002004
1358,ANIMALS
1359,FAIL RENEW
1360,OTHRS
1361,FALSE REPORT
1362,NUISANCES
1363,BY PRISONER
1364,81201509A
1365,HOME INVA
1366,OWN PRP
1367,0213100B
1368,PRSN
1369,CNTRFTG
1370,84302102
1371,0262600
1372,ARM - PBL
1373,CNTRB
1374,TRAF
1375,TRADE SECRETS
1376,3842400
1377,FRT
1378,RECKLESS OPER
1379,CRUELTY TO
1380,0323200
1381,CHD
1382,CAP
1383,0304680
1384,FIC
1385,MAKE
1386,31619354A
1387,FAIL TO RPT
1388,CARELESS DRIVING
1389,0820001B
1390,78404805
1391,89313006A2
1392,ATTMPT
1393,ASSAULT AND BATTERY
1394,NON
1395,CONTEMPT OF COURT
1396,7901740
1397,HARM
1398,82829001
1399,<30KGSL
1400,HLPLESS
1401,JUR DPT STAT
1402,UTTER
1403,78408203
1404,FAM CHILD<12
1405,STONE CRABS
1406,UNDERSIZED MUTTON SN
1407,FRTH
1408,CONT SUBS
1409,STOLEN PROP
1410,78405003
1411,DEAD
1412,FAILURE KEEP RECORD
1413,REP REQUIRED
1414,RGT
1415,REVOKED NON-FL
1416,9959980
1417,56245102
1418,7413100
1419,CHEM SUBS
1420,RESTRICTIONS
1421,32870002
1422,BUMP ST
1423,31926109
1424,31619303ABC
1425,>7
1426,56011101G
1427,81009702
1428,1170500
1429,UNOCC STRUC
1430,MUTTON SNAPPER
1431,068160041
1432,CONSTRUCTION
1433,82829005
1434,STATE PRK
1435,PRE DR
1436,89313501B
1437,0202000
1438,OBSTRUCT
1439,7870600
1440,0708700A1
1441,HANDICAP RIGHTS VIOL
1442,32234005
1443,89313501C3A
1444,89314703B
1445,0682400610
1446,CARRY
1447,PBL
1448,VIDEO VOYER
1449,TANK
1450,SPR PNT
1451,DEADLY MSL
1452,ON BCH
1453,<50
1454,0065000
1455,0212600A2
1456,81723401
1457,RES ARE
1458,SEX CYBERH
1459,UNLAW SOLIC
1460,78407001C
1461,VEH INS APPL
1462,79607002D
1463,79401104C
1464,78204002
1465,FLS INFO
1466,VEHICLE
1467,7902220
1468,0081720
1469,AMPHETAMIN
1470,OCC STRUCT
1471,8960101
1472,DRAG RACING
1473,CONSPIRE
1474,FLSH SIGNALS
1475,81009001A1
1476,FALINFO
1477,PAWNBROKER
1478,OXYCODON
1479,CAP F
1480,79016502
1481,82510303C
1482,MLND
1483,EVNT
1484,90136001
1485,EMPLOY
1486,CIG TAX STAMP
1487,31914006
1488,5062400
1489,FLS PERS OFF
1490,02121003
1491,EXPIRED 4 MTHS+
1492,499005012
1493,0252500
1494,EXCESSIVE
1495,44010504A1
1496,TRANSACT
1497,CONSTRU
1498,2810800
1499,3221500
1500,CERT REQUIRD
1501,9411300
1502,VIS
1503,32234007B
1504,12
1505,82707105
1506,0304000B21
1507,GRD THFT
1508,PUB ORD NGOV USE TRA
1509,INCEST
1510,VEH HOM
1511,8392500
1512,VESSEL
1513,FAIL TO SURRENDER
1514,PROHIBIT
1515,PUB TRNST
1516,EXHIB
1517,53825001
1518,FIRERM
1519,3374060
1520,79401102B
1521,89503004
1522,RESIST OFF W
1523,0272700
1524,89300136A
1525,PROBATION WARRANT
1526,USE BY MINOR
1527,POSSESS
1528,ALC
1529,89313001F2
1530,OUT OF SEASN
1531,TRAN
1532,539001017A
1533,0333300
1534,WILL
1535,CONTRFEIT
1536,0300400B1
1537,PERMIT UNAUTH OP
1538,INSURANC
1539,32805001
1540,0218100A11
1541,32234002B
1542,MED
1543,8120160
1544,32254004A
1545,89313501C2A
1546,OBTAIN PROP
1547,49900512
1548,80004004A1
1549,SNOOK
1550,01500172
1551,DENTISTRY
1552,RES OF RE WILD OF SU
1553,MONITOR
1554,SA
1555,81754502
1556,SELL TRAVEL
1557,89313501A1
1558,FORGE
1559,0211400
1560,HIV INF
1561,91422002B
1562,HLTH FAC
1563,49906911
1564,BUSINESS W
1565,<5GR
1566,3D FEL
1567,83705002
1568,8741000
1569,58514502
1570,DISORDERL CONDUCT
1571,0181800
1572,77508445
1573,F
1574,DEAL
1575,BATTERY
1576,BEFOR 4
1577,FALSE RPT
1578,8172340
1579,DISTURB CONTENT
1580,77703002C
1581,32257002
1582,NOTARY COMM
1583,3792310
1584,81213002BM
1585,INJRY
1586,89313001D1C
1587,EXTORTION
1588,SEX MISC
1589,DAM
1590,3161550
1591,ATTP
1592,21018006A
1593,LITTER
1594,VIOL ORD
1595,ARD
1596,068130072
1597,STOL
1598,I
1599,DEPRIVE OFF WEAP
1600,WPN
1601,AGGRAVATED
1602,32803003
1603,AIRPT
1604,8172800
1605,80004005D
1606,SCHL PRP
1607,DI
1608,41439001B
1609,$300+
1610,MISUSE
1611,78702003A
1612,SOLICIT BUS
1613,04075375
1614,FAIL OBEY
1615,06814000392
1616,SOL AN
1617,81760006A
1618,DUMPING
1619,9000100
1620,87001001
1621,80613003
1622,DISOBEY
1623,89314702
1624,APPROACH
1625,80613001B1
1626,OFFICIAL
1627,40099354
1628,100K>
1629,7840300G
1630,790065013
1631,7770300
1632,COC
1633,89314703A
1634,49903003
1635,89313001D2A
1636,81002004B
1637,MOLEST TRAP
1638,3160760
1639,7960600
1640,ABANDON W
1641,0370400
1642,89313001C2B
1643,0212400B
1644,OVER 20
1645,PROH ACTIVTY
1646,DEFRAUD INSURER
1647,O
1648,0157400
1649,ESCAPED PRIS
1650,QUEEN CONCH
1651,2+
1652,381986012H
1653,81009752
1654,ASSAULT
1655,DRV COMM
1656,85602204
1657,0376000
1658,INT ART
1659,UNL TRANSPRT
1660,FIGHT
1661,40316101A3
1662,DANGWP
1663,SYRINGE
1664,REL INS
1665,RPT VIOL
1666,82703002D
1667,CHILD NEG NO GR HARM
1668,ST AUTO WINDOW WASH
1669,322340010B1
1670,DIS COND
1671,ALTD
1672,LWD ACT
1673,31619303C3B
1674,SEAL
1675,44010504B9
1676,PANHANDLE
1677,OBT BY TRICK
1678,AF
1679,TRESP
1680,3193000
1681,84925002
1682,NO SER INJU
1683,C CASH TO DEFRAUD
1684,ILLEG
1685,COERCE
1686,SMO
1687,MON SER
1688,ORGANIZED FRD
1689,UNLAW USE
1690,83913001
1691,82510253B
1692,TOW VEH
1693,DEADLY MISSILE
1694,LOITERING OR PROWL
1695,MORTGAGE
1696,PSNW
1697,FALS RPT
1698,1000>
1699,32254001
1700,89313501B2
1701,D WEAP
1702,FD
1703,8312600
1704,SYN NARC
1705,BOND SURRENDER
1706,78706003F2
1707,BE 0
1708,81761102C
1709,7820700
1710,78407002C
1711,0300400B6
1712,FLS NAME
1713,CHLD ABS
1714,8170300
1715,TOUC
1716,WTCFT
1717,82703002B
1718,89313501C3C
1719,UNLAWFL APP
1720,2PRIO CONV
1721,ID VIOLATION
1722,32750001B
1723,HABEAS CORPUS
1724,CO LAB SE
1725,HIRE VEHICLE
1726,81215503
1727,PRN
1728,77703001C2A
1729,ACCESS
1730,81008002B
1731,0378000
1732,REG METALS
1733,GLASS ON BCH
1734,>5<7GR
1735,81761102B
1736,OLD
1737,49361207
1738,FALSE PERS
1739,31619201A
1740,79402302B
1741,0708700
1742,OBS MAT
1743,790401011B
1744,GAMBLING
1745,91422004D
1746,STATE
1747,32216001C
1748,78403002
1749,32750003
1750,32232004
1751,50100102D
1752,ILLE
1753,SEXBATT
1754,55991703
1755,ENV
1756,MORTGAGE FRAUD
1757,ARSON 2ND DEGREE
1758,TITLE
1759,HRM
1760,32733003B
1761,INJ VIO
1762,499005015
1763,89313001A2I
1764,NON-RESIDENT REQ
1765,WAST TIRES
1766,59028002
1767,MUT
1768,ATT FEL MURDER - PBL
1769,80004006C
1770,FINT
1771,539001012A
1772,MLAU
1773,DL RESTRICTIONS
1774,79401108B
1775,CAR CRIM REG VIOL
1776,DEATH-PBL
1777,32754004B
1778,91813001B
1779,GRAND THFT 2ND
1780,HUMAN TRA<18PBL10
1781,D>19
1782,AGG STALK
1783,RX DR
1784,POSN BLANK
1785,32234002A
1786,89313002A1B
1787,MV
1788,FAIL TO OBEY
1789,78701003A
1790,81002002C1
1791,$20K OR >
1792,78404804
1793,31933001B
1794,BUS
1795,CH PORN
1796,L&L ASSAULT
1797,AGG
1798,IMAGE
1799,0501200
1800,REG CERTIFIC
1801,31933005
1802,INSTALL
1803,MEN HLTH
1804,BOND AGENT
1805,3161870
1806,7901510
1807,TRES PROP
1808,31933001C
1809,0304650
1810,32230001
1811,82707102
1812,INJURY
1813,SECURITY DEV
1814,OBSCENE SHOW
1815,83801601
1816,81748103B
1817,SEX ACTIVIT
1818,UNAUTH COPY
1819,81760007
1820,REG VIOL
1821,9142300
1822,8311500
1823,8770300
1824,81009701
1825,7901900
1826,SPEARFISH VIOLATION
1827,90136002
1828,87206002
1829,82510302C
1830,0213800A
1831,94447001B
1832,DECAL
1833,AFF
1834,DELIV
1835,0218100A2
1836,1ST
1837,56211002
1838,0682400304
1839,8490200
1840,OFF BEH
1841,SITES
1842,0682400608
1843,87405001
1844,DEFRAUD INNKEEPER
1845,OFFICAL PROC
1846,8310800
1847,ARM
1848,ATTEMPT FEL MURDER
1849,89313501B1A
1850,32234006
1851,PRES DRG
1852,84316001
1853,HOLD FOR MARSHALL
1854,"PETIT LARCENY, THEFT"
1855,PREJ
1856,>20K<100
1857,4800470
1858,RIOT
1859,9591500
1860,FLS IMP
1861,89313501F
1862,539010012A
1863,32746003
1864,OXYCODO
1865,81201403B
1866,VEH TAILLAMP VIOLATI
1867,80004006B
1868,89313001A2E
1869,2000+CITRUS
1870,AGG BATT
1871,FED REG
1872,78204001L
1873,CON AN VIO FWC RULES
1874,IMPR USE OF HIGBEAM
1875,62684737D
1876,81201951
1877,IMPROPER
1878,ALTERED ID NUMB
1879,83612002
1880,80603101
1881,BEHIND
1882,0304690
1883,KEEP
1884,8230200
1885,PROP DAMAGE
1886,STP
1887,31623401
1888,NVDL
1889,RECKLESS DRIVING
1890,COMT OFFN
1891,46501502B
1892,CRI
1893,OP W
1894,DIS CHG
1895,RES OF FA COM LAW OR
1896,MURDER
1897,HANDICP PMT
1898,89313501K
1899,OPEN BURN
1900,10608007B
1901,90
1902,5812110
1903,INS CLMS
1904,32754001D
1905,PC
1906,89313001A2G
1907,19
1908,OPEN CARRY
1909,1500+
1910,3223300
1911,02520004
1912,ABET
1913,655500010B2
1914,9472100
1915,STP WRK ORD
1916,6483000
1917,0304470
1918,RING
1919,HUMAN TRAF
1920,TR
1921,BOD INJ ANOTHER
1922,STRONGARM ROB VEH WE
1923,DW
1924,INTERFER PAR
1925,WRT THR
1926,3RD & SUBS CONV
1927,A
1928,82510303B
1929,SLEEP
1930,PRED
1931,CHD <12
1932,81201402A3
1933,URINE TESTING
1934,MISB
1935,SPD ZONE
1936,TOW VEH W
1937,"POL, FIRE"
1938,NOT OFF PROC
1939,CONT
1940,>10
1941,UNAUT
1942,79007001
1943,ELU
1944,FINANCES
1945,CAPIAS
1946,MOT VEH UNATT >15MIN
1947,81009002C
1948,WITNESS
1949,A 
1950,BURNING
1951,DEAL LIQU PET
1952,UNSAFE
1953,3975810
1954,31602701A
1955,78402101AP
1956,MURDER 3RD DEG
1957,3161515
1958,PUB HOU
1959,GLASS
1960,DERIVE SUPPORT
1961,03920501
1962,CONS IN PUBLIC
1963,FLS AFFIDAV
1964,POLICE SCANNER
1965,LOITERING
1966,M
1967,DRUG PARAPHER
1968,POSNW
1969,BATT FAC EMP
1970,31612101
1971,89313007A10
1972,89313004A
1973,0700007
1974,D<19
1975,INS AGT
1976,<28GR
1977,PE
1978,REMV DCL
1979,DEL W
1980,CONSUM
1981,M-RAIL
1982,URIN
1983,ASSLT
1984,UNLAW AD
1985,PROHIB
1986,OCCU
1987,HARM MINO
1988,DWLS-NO PRIOR FELONY
1989,DRIVE WRONG DIRECTN
1990,32221205
1991,TRANSIENT FAIL RP
1992,8101150
1993,31619303C2
1994,WO
1995,FALSE OFFICIAL STAT
1996,81756404
1997,TOWING
1998,5621400
1999,8320410
2000,PHONO
2001,MASK
2002,NO PRCH
2003,SALE
2004,81201402C8
2005,EVIDENCE
2006,HOLD FOR MAGISTRATE
2007,200GR>
2008,NARC IMPL
2009,15-49C
2010,1KFT
2011,CONTR
2012,CH FASEX 4
2013,32221205B
2014,STRNGARM
2015,OPERATE W
2016,CONTRACTOR
2017,0213001G
2018,MURDER 1ST DEGREE
2019,79011502C
2020,83131001A
2021,DESTR DEV
2022,21018006B
2023,31615101
2024,UNLAW TRAN
2025,LOTTERY
2026,COLLEGE
2027,8490100
2028,WP
2029,EMPLE CTR
2030,31619262
2031,3284600
2032,0260200AA
2033,CIG
2034,94305901
2035,81201402C7
2036,FIRE
2037,10G><200GR
2038,SEXBAT
2039,50000>
2040,L&L BA ON CH
2041,89313501K2
2042,OBSTR TRAFF
2043,81201452C
2044,CUST
2045,<28
2046,UNLAWF
2047,CANN
2048,8360500
2049,86013001B
2050,MISLEAD
2051,SELL HRS VIO
2052,40372703B1
2053,WHT COLLAR CRIME
2054,0218100A3
2055,32234002
2056,32234002C
2057,AFTER WARN
2058,PRIN
2059,SCHOOLMASTER<
2060,31619391
2061,VIN
2062,8172361
2063,37940101G
2064,WEAR MASK
2065,POS UNTAG
2066,89313501F1
2067,8176100
2068,<200
2069,PRISONER
2070,UNDER INFLU
2071,TRSTFUND
2072,PRI CON
2073,0211180
2074,365172014
2075,PWNBRK
2076,79016101
2077,POSSESSION
2078,SAFETY EQUIPMENT REQ
2079,PURC
2080,FALSE REPRE
2081,32232007
2082,FALSE
2083,SPEEDING
2084,IN
2085,81201402D
2086,NON COMPLIANCE
2087,-20
2088,36516001A
2089,77700042
2090,OFICIAL MISCON
2091,INVEST
2092,RELSE
2093,0141400
2094,COUNTERFEIT COIN
2095,80004004C
2096,3286200
2097,B
2098,HARVEST
2099,8171550
2100,UTTERING
2101,CONTRACTING W
2102,LANYARD
2103,TURN
2104,8380150
2105,HIRE PROP
2106,8310100B
2107,DISGUISE PERS
2108,GRAND THEFT 3RD DEG
2109,31602702A
2110,7901640
2111,>1000
2112,40341304
2113,MENTAL
2114,62611201A
2115,AD RD TRAFF SIGNAL
2116,STATE ROAD
2117,ASA
2118,TICK
2119,1000+
2120,0304680A
2121,OBTAIN
2122,PRD
2123,89313006C
2124,PUBHOUS
2125,83128002A
2126,SEC INT
2127,ILL DRUGS
2128,PRAC W
2129,AGGRESV
2130,0282800
2131,FAIL COMPLY
2132,DLY WEA
2133,MG MUN O
2134,PAYME
2135,BEACH EVENTS
2136,AP
2137,3161939
2138,PASS BTW
2139,1000
2140,3200700
2141,ELD DISAB
2142,RACKETEERING
2143,CONTRACT
2144,WATER
2145,SERV
2146,84701101C
2147,81214002C
2148,FININST
2149,80004005C1
2150,81002003D
2151,LAW ENF FIREARM
2152,OBT FRAUDULENTL
2153,AFT WARNING
2154,FLS VER
2155,NO AUTH
2156,5622300
2157,81009002A
2158,0218100AO
2159,38424002
2160,14<100
2161,WILDLIFE REG
2162,81201509B
2163,7840210
2164,0212600A3
2165,NOT AUTH
2166,1
2167,AFTER HOURS
2168,BY LEO
2169,53900108B8A
2170,OPERATG BUSN W
2171,78408002D
2172,NO LIF JAC UND 6YO
2173,PRESC
2174,COMM MRKINGS
2175,36516001D
2176,39313506
2177,SHOPPING CART
2178,UNAU COPY
2179,32422103
2180,CO SUB
2181,LBEL>2500<20K
2182,81756806
2183,713780012C
2184,56227001
2185,P TFT 1D
2186,53804004B
2187,COPPER
2188,32221201D
2189,89313006AA
2190,ADL
2191,89313001C2I
2192,UNLWF
2193,15-49
2194,PP
2195,89313001E2C
2196,79011502E
2197,0260010
2198,WRK CP
2199,8175900
2200,MLAUNRPT
2201,STRUCT
2202,BOAT LIV
2203,NOT REG
2204,81756802
2205,FIN INST
2206,COLLEG
2207,DOB
2208,UNL USE
2209,VET MED
2210,89313001A1C
2211,81756853B2
2212,21004006
2213,P ABUTTING WATER
2214,81723411
2215,VIDEO VOYEURISM
2216,81201406
2217,81201402B1
2218,42908001
2219,SEX ACT
2220,TAG NOT ASSIGNED VEH
2221,40316101B
2222,OUT STATE
2223,L&L EXHIB <16 BY 18>
2224,PRESC BLNK
2225,030388012
2226,31607203
2227,PUB SRV
2228,81506002B
2229,PRO LOC
2230,HORTI
2231,8370200
2232,TRFK
2233,F1
2234,HEA-SAF EN CH EMP BY
2235,ELEC
2236,25800803
2237,48912701F
2238,DIVE W
2239,49903001
2240,SHORE
2241,81756802B
2242,CCF
2243,EXPOIT EL
2244,81761102A
2245,CNSPR
2246,NON-RES
2247,9601800
2248,31933001E
2249,94806102
2250,49900516
2251,BF 10
2252,RR TRACK
2253,7>GRMS
2254,OBSTR JUST
2255,8000900
2256,EXPLOIT
2257,ANIMAL
2258,8430800
2259,LOG
2260,CARJACK
2261,POS W
2262,80613001B3
2263,PRI 3
2264,VERIFY
2265,ATV
2266,CN
2267,GIVE TO MINOR
2268,89610404A2
2269,NO SER INJ
2270,74129006
2271,STRARM
2272,ENVIR
2273,PRTRL REL
2274,8000300
2275,CONV
2276,EMER
2277,INS FRAUD
2278,31623801A
2279,89313501C1C
2280,DEFRAUD A HOSPITAL
2281,32221204
2282,IN LIEU
2283,POSN
2284,FALSE INF
2285,L&L CHLD 12-16
2286,21018501A4
2287,32257003A
2288,KIDNAP
2289,CHILD
2290,3223600
2291,79027002A
2292,POSN COUNTERFEIT
2293,89305001
2294,RECD
2295,068210031A
2296,PEDDLING
2297,CIGS UNSTMP
2298,MENT HLTH SMG CONTRB
2299,TAMPER
2300,HOLD FOR MILITARY
2301,VET CERTIF
2302,32730002
2303,NO HARM
2304,SEX OFN
2305,STOLEN PROPERTY
2306,31680002
2307,BAG LM
2308,79401103
2309,STONE CRAB CLW
2310,HY
2311,81760004
2312,OWN TO TR
2313,OBSCENE MAT
2314,01
2315,REQ
2316,DOGS
2317,41439002
2318,91422004A
2319,OFFEN
2320,GRND TFT
2321,81201901
2322,8173400
2323,IMPERS S FIR MA
2324,CO SEX AC
2325,78706003B
2326,3130600
2327,79401105A
2328,89313501K2A
2329,AID
2330,80010103
2331,D 19
2332,POLICE RADIO
2333,31664604
2334,FAIL
2335,INHALE
2336,TRAFFIC
2337,32739001
2338,RETAIL THEFT
2339,LITTERING
2340,89313007A7
2341,81762003A
2342,SOLICI
2343,RCRD VIOL
2344,INFLUENCE
2345,OCC CONVY
2346,SWIM
2347,>$20K
2348,OBSTRUCTING HIGHWAY
2349,1612420
2350,FALSE REPT
2351,FAIL TO RE
2352,0211700
2353,EXP > 6 MNTH
2354,0240080
2355,GRAND THEFT 2ND DEG
2356,1K-20K
2357,78408302
2358,79005301
2359,MURDER 1ST DEG
2360,CHLD - PBL
2361,VES
2362,GRAFF
2363,SPORTS OFFICIAL
2364,84701355
2365,37940901
2366,GNG
2367,CARGO
2368,37937521
2369,0393800
2370,DISORDERLY INTOX
2371,OCC
2372,GRAFFITI PROHIBITED
2373,16124202
2374,81201402CC0
2375,81213002B
2376,31930005A
2377,RBLT
2378,CIGARETTES
2379,79607002E
2380,PUB REC
2381,3842900
2382,DISABLED
2383,ART
2384,CR CARD
2385,DDY WPN
2386,78402101A
2387,0300400B2
2388,ALT
2389,CLAIM
2390,L&L MOLEST
2391,SCN DEV
2392,MISLD STMT
2393,02131001A
2394,PHYS INCAP
2395,HM INV
2396,81213002C1
2397,7901630
2398,81009001A2
2399,SAL
2400,CNTRFT
2401,TAMPR
2402,ILL
2403,10+ G
2404,D18>
2405,DEC PERSON
2406,52702001
2407,COMM DEVICE
2408,DW CU
2409,89313007A11
2410,LURE
2411,2ND
2412,CT ORDR
2413,44010504B8
2414,DRUG PARAPHERNA
2415,MUR 1D
2416,ARSON 1ST DEGREE
2417,HARA
2418,RECKLESS
2419,54011002A1
2420,FED
2421,OPEN HOUSE
2422,OF
2423,LIC
2424,$20K+
2425,PRO DAM
2426,WIT
2427,79607002I
2428,BODILY ATTACH
2429,ENT AFT HRS
2430,84701354
2431,PRE
2432,65>
2433,10K><50K
2434,COMT FEL
2435,FIN SUSP
2436,PROH USE CERT LIGHTS
2437,INVALID CHARGE
2438,0300400B5
2439,A POSN
2440,LTS
2441,HUM BODY
2442,10409102
2443,MASSAGE
2444,MN
2445,REPT ABAND
2446,BEV
2447,0142520
2448,1K>
2449,41439001A
2450,82829003
2451,-5K
2452,37933113
2453,ENT MAT
2454,1ST CONVICTION
2455,COKE
2456,SEA OATS
2457,PREJUDICE
2458,NO VALID DRIVERS LIC
2459,NO SERIOUS INJUR
2460,FRDLY OBT
2461,817568011
2462,VIOLATIO
2463,0363600
2464,ECSTASY
2465,MERCH
2466,SUB V
2467,TRANSIT SYS
2468,GOODS
2469,BATTERY BY DETAINEE
2470,PROBATION VIOLATION
2471,HEAL VIO DISA PREPAR
2472,VESSELS
2473,DOE
2474,3166050
2475,LIFEVEST
2476,37940153A
2477,BF 4
2478,32773003
2479,USE TO HARASS
2480,83610001
2481,VEH TITLE
2482,FAIL FIL
2483,HASH
2484,02131004B
2485,DEFRAUD
2486,SMOKE
2487,TMPR
2488,87202001
2489,31933007B
2490,30
2491,GND THFT
2492,24>
2493,COMM
2494,ALIAS CAPIAS
2495,8101400
2496,RECORD
2497,9512200
2498,FENCE
2499,31619102D
2500,8100600
2501,0218100AI
2502,MIN
2503,RETAIL THFT
2504,SLS TAX
2505,OBSTRUCT HIGHWAY
2506,CO SEX ST
2507,83612003
2508,78207101B
2509,5621310
2510,78204003
2511,UNEMPLOY COMP FRAUD
2512,02820007
2513,CANNABIS
2514,NO LICENS
2515,DLY WE
2516, LA
2517,COMPUTER
2518,0681400357F
2519,39001117
2520,06225603003
2521,39445932
2522,THFT PLNT
2523,893135015
2524,AGE
2525,ACCES AFTER THE FACT
2526,79401108C
2527,MULT PERP
2528,WC
2529,DIS ORD
2530,EN
2531,55110904
2532,FINE
2533,FRARM
2534,44010504A3
2535,89313501A2
2536,DW-PBL
2537,32735003C1
2538,8950300
2539,32754004C
2540,50914402
2541,TIN
2542,BOAT ACC
2543,02820004
2544,DEPCT MINOR
2545,FIRE ALARM
2546,79401104B
2547,82703002C
2548,83801602
2549,MED CR
2550,SUDN
2551,MURDER1
2552,DISPENSE
2553,REQ RE-7
2554,TRV
2555,VIN PLATE REMOV
2556,NO CDL
2557,"GAMBLING, LOTTRY VIO"
2558,79016602
2559,60316102
2560,31619353A
2561,DDLY WPN
2562,31619303C3A
2563,MEDICINAL DRUG
2564,PROHIBITED
2565,DEF IN
2566,CHNG ADD7
2567,31814003
2568,USE -PBL
2569,F ARM
2570,CO SEX
2571,89610404A1
2572,32007003A
2573,79401104
2574,PHY EVD
2575,FLS RETURN
2576,ANTISHPLFT DEV
2577,32805002
2578,81020003B
2579,MTR SCT
2580,BAT
2581,PROMO
2582,PATIENT BROKER
2583,CH FA SEX PBL
2584,84316701A
2585,8172330
2586,INS CLM
2587,3
2588,ARMED - PBL
2589,SOL BUSIN
2590,FAIL TO OBS
2591,POS FRAU PAR
2592,89313001A2A
2593,O VIOL
2594,HEA SAF FA PRO DI FE
2595,78402101A1
2596,0747800
2597,O R
2598,PROST
2599,BF 7
2600,82700102
2601,BURGLA
2602,STRGARM
2603,8761300
2604,32846002A
2605,81756301
2606,93442505
2607,8560110
2608,PRIO
2609,7902210
2610,VEH
2611,MISD
2612,78408002C
2613,89313001A1
2614,CONSPIR
2615,CO 10
2616,0082290A
2617,NO REQUIRED LIGHTS
2618,79001002
2619,VEH WIHDSH
2620,LAW
2621,WEAP
2622,FORCING
2623,NO RETAIL DEALER LIC
2624,5621100
2625,PER 65 OR >
2626,D
2627,INS REQUIRED
2628,ORG SCHM DEF
2629,8431200
2630,TRA
2631,21018501
2632,>$300
2633,32234007
2634,LIM
2635,SUB
2636,8061110
2637,PREJUDIC
2638,THROW
2639,CHILD PORN
2640,068210062A
2641,2101500
2642,31112004C
2643,REMOVE FROM ST
2644,7900700
2645,37924312S1
2646,9161081
2647,02118001
2648,ATTD
2649,9
2650,ID NUM
2651,0215600
2652,7901620
2653,9444000
2654,AGGRAV
2655,INTERFERE W
2656,NO TAG
2657,MINORS
2658,80004005B
2659,DRV LIC SUS
2660,TELEPHONE
2661,ESTAB
2662,83103203A
2663,3170017
2664,HALLUCIN
2665,MIA BCH
2666,ILLEGAL
2667,81014502
2668,FAIL TO STOP
2669,DISTURB SCHOOL ASSMB
2670,PERMT
2671,89313501C2C
2672,AMPH
2673,OXYCODONE
2674,78407002A
2675,BULLET PROOF VEST
2676,FUEL TAX RE
2677,32848005
2678,79607002G
2679,CONFINE W
2680,POOL TABLE
2681,FLS LABEL
2682,DISA
2683,HLTH PRO
2684,ID INFO
2685,LIS
2686,PATH OF VEHICLE
2687,MALICIOUS DESTR
2688,03920506
2689,AFT 10-14
2690,USE TEMP
2691,21212002D1
2692,328720013B
2693,DRIVE ON SDWLK
2694,3161925
2695,THREAT
2696,BEV CONSUME
2697,CON
2698,81756203A
2699,AUTH PED PPR
2700,MOD
2701,81002001B2
2702,FAIL EXHIBIT
2703,79401104D
2704,ALTER ID
2705,ACC
2706,31619303C3
2707,81002003A
2708,89313501F1A
2709,200+
2710,0212840
2711,32027006
2712,79605002B
2713,LL
2714,GANG ACTIVIT
2715,PMT INSTRUMENT
2716,BG VSL LT
2717,THEFT OF
2718,REAL EST BRKR
2719,7840300
2720,FALS STAT
2721,EXHBT
2722,79015003
2723,HR
2724,MON LND
2725,OUTBOARD
2726,CRIM
2727,32221201A
2728,-13
2729,89313501L1A
2730,GD TFT 3D
2731,SALE NICOTINE
2732,91422002A
2733,TAKE
2734,FCT
2735,HUMAN TRA<15
2736,25800801
2737,91422002E
2738,32205106A
2739,81201403C
2740,79401104G
2741,O CERT
2742,CONCLD FA
2743,DERI SUP
2744,HOG
2745,O DEV
2746,068210051A
2747,ILLEGAL DRUG
2748,ARSON 1ST
2749,V12+
2750,79401102A
2751,91422002D
2752,>100K
2753,OBSTRUCT STRT
2754,89313006A1
2755,89313501F1C
2756,TRANSIENT FTR EV 30
2757,PRJ
2758,17
2759,COSM
2760,32750002
2761,100>
2762,32854001
2763,OBSCENE
2764,499005110
2765,365172013
2766,327352151
2767,89314701
2768,81201502
2769,6331710
2770,LWD ASLT
2771,79607002H
2772,3RD> VI
2773,89313005B1
2774,0312600A
2775,STRANGLE
2776,0706600
2777,DECAL DISPLAY
2778,82510303A
2779,STORE
2780,L&L
2781,NO LIC
2782,655500010B3
2783,INS
2784,DRGS
2785,GOV
2786,AIRCRAFT
2787,PARKS VIOLATION
2788,CAM CONTR
2789,STORAGE
2790,9444600
2791,81201507
2792,82704001
2793,50924101
2794,ALLIGATOR
2795,8931490
2796,MANF
2797,IN PR DIS IN RE STDS
2798,82510203B
2799,PURCH SERVICES
2800,MANI
2801,37904012A
2802,FRDLENT
2803,31629355B
2804,EXTORT
2805,CONS
2806,32234002B1
2807,"DEATH,INJ"
2808,UNLAW ISSUE
2809,AFT ARRE
2810,PUB
2811,0407538105
2812,40341306C
2813,ACT AS
2814,GRND THFT 2D
2815,65503225
2816,FUG WARR
2817,78404802
2818,OBS CRIM REF INS REC
2819,"LITTERING, DUMPING"
2820,IMPERS FIRE MAR
2821,89313501C2
2822,WT
2823,89313002A1A
2824,<28G
2825,ALCOHOLIC BEVERAGES
2826,INTEL PROP
2827,0681400357L
2828,WTHL CHCK
2829,78706003E
2830,L 3-10
2831,78408103
2832,DUI
2833,CHILDR
2834,9960030
2835,WRIT OF ATTACHMENT
2836,PUB AST FRD
2837,8610100
2838,BLU CRB
2839,APORT
2840,KIDNAPPING - PBL
2841,8470133
2842,DEPRV OFC
2843,LIEN
2844,10G><200G
2845,TURTLE
2846,ILL DRG
2847,COUNTY
2848,RFS SRRNDR
2849,89313006B
2850,EXPL
2851,2D & SUBS CON
2852,TRES SCH
2853,8490300
2854,ELECT CODE
2855,78702002
2856,GRT HA
2857,ACCESSORY AFTER
2858,CRUEL
2859,LOITERING & PROWLING
2860,82510364B
2861,SR
2862,VEH RECS
2863,>6MOS
2864,6331220
2865,9444200
2866,1171050
2867,8171500
2868,PUB ASST FRD
2869,50>
2870,UNREG
2871,CNTFT ID
2872,FLS AFF
2873,8260400
2874,GRT HARM
2875,VULNER
2876,GRAND THEFT 3D
2877,CONSTR SITE
2878,CUSTD
2879,LOI
2880,9960040
2881,DISPLAY
2882,5555550
2883,DOM
2884,82510252A
2885,80613004
2886,FAM CHLD
2887,0304670
2888,5-14
2889,8310100A
2890,PRPT VL
2891,FAIL SECUR
2892,O COMM LIC
2893,GRD TFT 1
2894,CON ENV HAR SEA OAT
2895,31933002
2896,5620700
2897,LOST
2898,RAD
2899,3D+CON
2900,02131002D
2901,31680001
2902,DEFRA
2903,COIN-OP MACH
2904,TAMP MV
2905,DIVERS DOWN FLAG VIO
2906,REFUSE
2907,BUI
2908, ILLEG
2909,99999999999
2910,1K
2911,TOW
2912,PRF REQ
2913,RADIO TRANS
2914,ATT
2915,TREPASS
2916,328720013A
2917,POSN FA
2918,2D
2919,82707104
2920,INTO ST
2921,9481100
2922,PROP
2923,PERSON YOUNG 21
2924,81723408A
2925,COMM FRAUD
2926,89313005C
2927,SEX PERF
2928,8470135
2929,TRESPASS
2930,0822000
2931,DEPRIVE
2932,8430810
2933,NO HAR
2934,49738603
2935,IMPEDE OPER
2936,3202160
2937,78400623A
2938,84701353
2939,7980200
2940,3223000
2941,O MARKINGS
2942,81213302A
2943,CONSPIRA
2944,56234001
2945,HAZ WASTE
2946,3161920
2947,DEFRAUD INN
2948,89313501F2
2949,7960500
2950,PROC TITLE
2951,>3K
2952,82510203C
2953,O PERMIT
2954,WLDLF OFFC
2955,21018003
2956,RED
2957,WATCFT
2958,SEAW
2959,81215502
2960,0301200
2961,INSFRAUD
2962,OBT MISREPRE
2963,FEL MUR
2964,89313001E2
2965,PARAP
2966,FA IMPR EXH
2967,VERIF
2968,78407002B
2969,RE
2970,<150K
2971,POSSESS FA
2972,FALSE INFO
2973,RENT SPACE
2974,COMPENSATION
2975,32848004
2976,UNAUTH OP
2977,WRIT
2978,89313006A
2979,DIS
2980,0101000
2981,UNATT VEH
2982,DELV
2983,POLICE FREQ
2984,2K-10KLBS
2985,<5K
2986,44010001G
2987,WLDLF
2988,3161230
2989,5381900
2990,02502004
2991,31930002B
2992,STRUC
2993,8710100
2994,CLASS
2995,SER INJ
2996,nan
2997,200>
2998,32420101
2999,31661351A
3000,84701372
3001,FA - PBL
3002,0213600A
3003,CHILD NEG GREAT BOD
3004,9331500
3005,BOOKS
3006,SELL DEL
3007,BEG
3008,81008002A
3009,79017002A
3010,95122001
3011,81009002J1
3012,9959860
3013,VEH REG
3014,FENTAN
3015,TRANSPORT
3016,VET
3017,1PBL
3018,IN 30
3019,BUSN W
3020,RBY
3021,DETENTION
3022,OUT-OF-CNTY
3023,ARMD
3024,7900530
3025,86020002
3026,068160011A
3027,32754001E
3028,C ISSUE
3029,DEL
3030,OFFICER
3031,FALSE ID
3032,INTERCEPT
3033,LEO
3034,UNENC CURTILAG
3035,SCAN DEV
3036,RESIS ARR
3037,8590500
3038,ELUDE PO
3039,0681400361G
3040,GRD TFT 3D
3041,82510302A
3042,GAS
3043,UNLAWFUL DESERT
3044,UNLAW FILE FAL
3045,0312600
3046,7870400
3047,44307101
3048,LOBSTER
3049,SNAT
3050,81762002
3051,CYCLE ENDRSEMNT
3052,2060400
3053,79016401
3054,DEAL IN
3055,FAILURE TO YIELD
3056,5091410
3057,713780012D
3058,SEAP SEC
3059,BRIBERY
3060,DESTROY
3061,INV
3062,FAKE
3063,EXPIRE REG
3064,L&L CH 12-16
3065,PAWNBRKR
3066,D<18
3067,OBS DIS INFO IN INVE
3068,DL
3069,THFT
3070,PL VIE
3071,SU
3072,0313100
3073,8931350
3074,775210010A
3075,POSN WHL
3076,0396300
3077,FORGE REGISTRAT
3078,1>
3079,32013106
3080,POSS FIELD BOX W
3081,0260100
3082,89313501G1B
3083,81002001
3084,78703002
3085,PRK
3086,89313501K2C
3087,"BREAK, INJURE"
3088,>300
3089,87001002
3090,79401105C
3091,83802101A
3092,ASLT
3093,81735501
3094,89313513
3095,84701352
3096,89313001C1A
3097,RESTR AREAS
3098,IMPROP TURN
3099,MANSL
3100,79607002F
3101,FIN RESP
3102,32221205C
3103,WEAPN
3104,FORGERY
3105,ACC 2>CONT
3106,381986012C
3107,THR
3108,PUB PLA
3109,>200<1000
3110,CYBER
3111,WRIT THR PRI
3112,FORGE BANK BILLS
3113,CLOSED SE
3114,RES OF RE PO BON ACC
3115,STR
3116,MURDER 2ND DEG
3117,PREJUDI
3118,L&LCHLD <12
3119,81201402C9
3120,TRAFFICK
3121,GT 3RD
3122,32007003
3123,89313001A1A
3124,UNLAW
3125,OBSC MATERIAL
3126,JUDG
3127,PHEN
3128,DTH
3129,50K+ ATT
3130,7901000
3131,ALT ID
3132,PR
3133,9857210
3134,POSS ALLIGATOR
3135,MIS>$100
3136,"OBSTRUCT STREET,HWY"
3137,89313001E1
3138,31619102A
3139,87711202
3140,ILLDRG
3141,UNLIC
3142,USE FRAUDULENTLY
3143,0338000
3144,82812203H
3145,36516001B
3146,L&L MOL
3147,8173550
3148,<200G
3149,3D
3150,COUNTERFEIT DL
3151,ASSAULT BY PRISONER
3152,62656103C
3153,GREAT BOD HARM
3154,IMIT
3155,99
3156,OBTN GOODS
3157,78204004
3158,FA IMPROP EXHIB
3159,94304354A
3160,87703001A
3161,81213302B
3162,BENCH WARRANT
3163,81002002C
3164,RULE TO SHOW CAUSE
3165,GRAND THT 2D-20-100K
3166,381986012K
3167,MED MARIJ
3168,54011003A3
3169,9010400
3170,31621701
3171,L&L ASSLT
3172,89314701B
3173,0213001
3174,3944580
3175,79022003
3176,TAMPER W
3177,OC` CONVY
3178,BUTAN
3179,VIC HELPLES
3180,ELDERLY
3181,DETAINE
3182,CULPABLE NEG
3183,THEFT
3184,INTERFER W
3185,4936111
3186,94304354B2
3187,VEH ID MARK
3188,SERIOUS INJURY
3189,RENT
3190,SOLICT
3191,PWNBK
3192,0525200
3193,UNPD TX
3194,<400
3195,7840021
3196,81756802C
3197,HWY
3198,32739003
3199,78408204
3200,NAME
3201,CONSPIRAC
3202,93403001A
3203,BAG LIMIT
3204,TOWING W
3205,SECURE ANOTHER
3206,G
3207,INSPECTN
3208,RGT OR WY
3209,WARRANT
3210,VID VOY
3211,ENTICE A CHILD
3212,8170210
3213,URINATE
3214,8490700
3215,TRF
3216,INSURANCE CLMS
3217,OFF
3218,UNCURRENT BILLS
3219,POS
3220,MISD-CONSP
3221,78404501A1
3222,3160850
3223,OBSTR
3224,10GR>
3225,ELEC TRANS
3226,ORG SCHEME TO DEFRD
3227,SELL MERCH
3228,MENT FAC
3229,SEX BAT
3230,INJURE
3231,TRAF N-B PHEN
3232,GD TFT
3233,PTA INCOMPL STATUTE
3234,5-14C
3235,VICT
3236,48912702C
3237,STALKING
3238,KG MCKRL
3239,PREV GUILT
3240,ANOTHR
3241,FL LIC SU
3242,SALE<21
3243,UNAUTH SA
3244,VIOLATE
3245,LISTED CHEMICAL
3246,POL OFF
3247,81735503
3248,SEX OFFND
3249,DIRCT ANOTH TO
3250,79607004C
3251,81208102
3252,POSN <21
3253,INIT
3254,CHIL
3255,BDY FLUID
3256,81706101
3257,20611002A
3258,7902200
3259,DISK
3260,RECOR
3261,9960010
3262,SKIMMING DEVICE
3263,77703002B
3264,DRIVE WO LIC CAU
3265,36516001C
3266,REDLV
3267,ANOTH
3268,>20K<100K
3269,VIO
3270,DISORDERLY CONDUCT
3271,PRINCIPAL
3272,<10
3273,64857103
3274,FAILURE TO APPEAR
3275,70510201
3276,NO PRES
3277,BLOOD ALC LEVEL
3278,3220300
3279,CRJCK
3280,NEG
3281,89313002B
3282,8431900
3283,CERT
3284,MANS
3285,21
3286,OPIUM
3287,CONSPIRACY
3288,CONTRCTR
3289,100K +
3290,78702003
3291,COUNTERFEIT PLATE
3292,48912701H
3293,OPR VEH
3294,79016503
3295,81703404B2
3296,25+OUT SEA
3297,0131300
3298,POSN SIMILITUDE
3299,USE FORGD
3300,DEAL STOL PROP
3301,CRUELTY
3302,8650900
3303,OPR W
3304,95122101
3305,56012505B
3306,EXH
3307,31602701B
3308,32026001A
3309,83103203A1
3310,UNAUTH USE
3311,PARKS
3312,HEALTH
3313,0252021
3314,NO
3315,50916204
3316,81760008
3317,ATT SEX ACTIV
3318,IN LIEU OF
3319,78404803P
3320,NO SER INJ AT
3321,83802201A
3322,MERCHAN
3323,DWI
3324,31933001D
3325,79401104A
3326,FLS ENTRY
3327,81009002B
3328,0-100
3329,MRKRS
3330,81014508A1
3331,METH
3332,80004003
3333,83702001
3334,BIR
3335,CON WEA
3336,MAN
3337,53900108B8B
3338,UNLAW FILE FALSE DOC
3339,BAIL BNDSMN REG VIOL
3340,SB
3341,0304620
3342,0080800
3343,PO
3344,LOB
3345,CDL
3346,ADMINISTER
3347,0682400701
3348,CHUR
3349,6+
3350,MURDER 2D
3351,0682400305
3352,IMPROPER U-TURN
3353,CANNAB
3354,>10GR
3355,$2500 <$20K
3356,ID CARD
3357,FRA IMP SAFE CRI AGE
3358,FALSE IMPR
3359,GAMBLING HOUSE
3360,SNOOK HARVEST
3361,DISCHARGE
3362,32221201C
3363,7902350
3364,MULT
3365,0182450
3366,78404102A
3367,SEACOW VIOL
3368,SELL SING
3369,ALTERED ID
3370,DEF<18
3371,79007004
3372,SCHOOL WEA
3373,FAIL RET
3374,SEX BA
3375,GRD TFT 3
3376,PRETRIAL REL
3377,81756809
3378,78207202
3379,790060012
3380,55993351
3381,PRE DRG
3382,REFUSE AID
3383,LICENSE
3384,32739002
3385,ELEC TRNS
3386,FAIL CLASS COMM VESS
3387,8491500
3388,CHOP SHOP
3389,CAP OFF
3390,BURGLARY TOOLS
3391,8470120
3392,32807004A
3393,943043514C4
3394,12>
3395,AUT
3396,RICO
3397,AIRBAG
3398,SCHL
3399,79023004
3400,PUB HOUSING
3401,MUNICIPAL ORD VIOL
3402,81201902
3403,DAM-PBL
3404,AGRI QUARANTINE VIOL
3405,ASSAULT OR BATTERY
3406,VID VO
3407,0210300
3408,POSN W
3409,DOM VIOL
3410,FALSE DCLRTN
3411,POSN UNSTAMPED
3412,78207002
3413,SIZE
3414,MURDER 2ND DEG - PBL
3415,DOM VIO
3416,ELD
3417,UTILTY
3418,LBEL
3419,RECEIVE ANOTHR
3420,56211101
3421,82812002
3422,CARGO<50K
3423,6268738
3424,MACHINE GUN
3425, SIZE
3426,911
3427,PARK
3428,L&L BATT
3429,32203004
3430,COMM VEH
3431,79011501
3432,8560210
3433,14>
3434,8310200A
3435,OPEN BURNING
3436,3273590
3437,FLS STMTS
3438,200-1000
3439,HGH SP
3440,PCP
3441,FIN
3442,PI
3443,06220143
3444,PREJU
3445,32203005
3446,31619203C1
3447,AR
3448,82813003
3449,ANIMAL UNFIT SALE
3450,AID OR ABET
3451,37936201B
3452,49900502
3453,NO PRINTS ON CIT
3454,ENVIRON
3455,13
3456,78404501B
3457,EXCEED LIMIT
3458,40880653
3459,UTTER FRG BL
3460,8700200
3461,SCHOL
3462,8061010
3463,ILDRGTRF28G>
3464,32203001
3465,77508751
3466,MR 2D
3467,PROCURE UN
3468,15
3469,87708004
3470,COUNTY ORD VIOL
3471,31608802
3472,SUBSQNT
3473,INJUNC VIOL
3474,0210510
3475,RES OF RE LEO SUB OF
3476,ESTB
3477,89313001A1E
3478,SOUND REC
3479,94304354B
3480,NO LICENSE
3481,9340300
3482,TEMP TAG MISUSE
3483,AMPHET
3484,ST RD
3485,PUR
3486,8121330
3487,1F
3488,ODOMETER ALT
3489,81723409
3490,02131002B2
3491,7840487
3492,BATT W
3493,ALC BEV
3494,DEALING
3495,OPERATE
3496,PROFI
3497,20K OR >
3498,77513003
3499,84909001A
3500,0212800
3501,<30K
3502,0213300
3503,OPN CONT
3504,W
3505,UNLA POSS STO CREDIT
3506,1+
3507,09252503
3508,ADULT
3509,KIDNAPPING
3510,41439001C
3511,31629522
3512,SNTCH
3513,0070700
3514,CL
3515,89313001A2C
3516,W ASSLT
3517,40040801B
3518,INTOX PRS
3519,02131002B1
3520,BOATER ID
3521,SVP
3522,WARN
3523,CONT SUB
3524,3220510
3525,3273310
3526,DWEL
3527,NON-RESIDENT
3528,PHONE CALLS
3529,PRE DRG FRG LABELS
3530,49900517
3531,INTRO ARTIC
3532,3223410
3533,PREMED
3534,MNTRNSM
3535,TRANSIT
3536,COD
3537,LABELS
3538,PROC
3539,VOYEURISM
3540,8170200
3541,89313001A1H
3542,DEF
3543,89313001F1
3544,0235000
3545,83205004B
3546,PETIT THEFT
3547,89313501L1B
3548,EMERGENCY MANAG VIOL
3549,3162110
3550,PROH
3551,81703404A1
3552,DRINK
3553,64844008A
3554,NAVIG RULE VIOL
3555,81760003
3556,HIRED VEH
3557,SCANNER
3558,TH
3559,78204002L
3560,77508773
3561,3160670
3562,817481013A
3563,89313001A1J
3564,02129001A
3565,FAIL STOP
3566,REF TO TEST
3567,INJ VIOLATIO
3568,31613008
3569,NO BUS TAX RECPT
3570,81201452B
3571,STRONGARM
3572,0302101A
3573,OPER W
3574,80601001
3575,20700703
3576, DEFACING
3577,2525000
3578,89314704
3579,82812203C
3580,7-1-14
3581,BRAND
3582,VESSEL HOM
3583,5K+
3584,89313512
3585,PUB NUIS
3586,CULP NEG
3587,LF
3588,8431800
3589,MON
3590,V
3591,FAIL TO AID
3592,79607002B
3593,78706004B
3594,31619301C
3595,AB
3596,ELUDE LEO
3597,REW
3598,322340010B2
3599,BURN LAND RECKLESSLY
3600,COU
3601,FLS REP
3602,REFUSE TESTING
3603,84308501
3604,12+
3605,SERIAL
3606,LABLS
3607,1ST DEG
3608,CHLD
3609,3202610
3610,FIRE BOMB
3611,38202601
3612,31607501C1
3613,81213102B
3614,32002001
3615,ANOTHER
3616,<$20K
3617,89313002A1
3618,STOP
3619,DF<18
3620,SEL
3621,81201402C10
3622,80614002B
3623,87412002
3624,O BTR
3625,TRSPSS
3626,HIR
3627,COM
3628,L&L EXHI
3629,SEX PRED
3630,OWN
3631,RR TRAIN
3632,BY FRAUD
3633,KEEP PLACE
3634,81014508A3
3635,ARMOR-PIERCING
3636,L&L BEHAVIOR
3637,89313001A1B
3638,STALK
3639,3166100
3640,MLAUN
3641,INTRO ARTICLE
3642,81748101
3643,POISON
3644,81006102
3645,LEASE
3646,LSC
3647,FLORIDA LITTER LAW
3648,PUB HOUS
3649,CHR
3650,ANIMAL CRUEL
3651,89313501C2B
3652,VI
3653,MOT VEH DELR
3654,32013103
3655,89313001C2G
3656,32221201B
3657,37936604C1
3658,32234006A
3659,ENG SEX
3660,AGG ASS
3661,3736130
3662,TRAINING CERTI
3663,PERS
3664,PLAN - PBL
3665,VEHICLE WITH NO TAG
3666,DISOBEY FIRE
3667,82707103
3668,32739004
3669,SEX ACTIVITY ANIMALS
3670,0-20
3671,SEX OFF
3672,31619304
3673,FORGED NOTES
3674,8000200
3675,7960300
3676,DWLS
3677,DEATH
3678,HULL ID REQ
3679,PETIT THT
3680,84323003
3681,79031002A
3682,5K
3683,MAINTAIN HOUSE
3684,79401103G
3685,ARMED
3686,VID V
3687,3225300
3688,FALSE NAME
3689,79401105D
3690,PRE DG
3691,MNT
3692,46602601A
3693,MNTRMT
3694,FOOD
3695,RETALIATE WITN
3696,UNOC STR
3697,FACIL
3698,0683000302
3699,VIOL REGIST
3700,NOISE
3701,81753505A
3702,DEFE
3703,8430200
3704,8600500
3705,USE
3706,CARS
3707,PUB PROP
3708,91422002C
3709,CHLD<13
3710,SITE
3711,RPT
3712,84701382
3713,PERMIT UNLAW USE
3714,DEP
3715,SCHL PROP
3716,89313005A
3717,79605002C
3718,WATER RESOURCE VIOL
3719,LARC
3720,81723413A
3721,SPIT
3722,0218100AD
3723,81201402B
3724,ESCAPE
3725,87708003
3726,ALW ANOTH
3727,MURDER 1ST
3728,SUBMIT FALSE AFFIDAV
3729,3275400
3730,EMER EQUIP
3731,89313001C2
3732,WI
3733,WRKMN COMP
3734,KNOWINGLY
3735,MISUSE LASER LGT DEV
3736,5624530
3737,DAMAGE
3738,89313001C1
3739,32735003C3B
3740,79007002
3741,PREV CN
3742,L&L CONDUC
3743,OBT POLICY
3744,8950400
3745,GRAND THFT
3746,<300
3747,OCC DWELL
3748,UNOCC DWEL
3749,7960400
3750,L&L ASS
3751,GT
3752,CAMPING PROHIBITED
3753,2ND>
3754,8310100
3755,21212002D2
3756,32013105
3757,GNG-PBL
3758,MONTRSM
3759,300-20K
3760,150K>
3761,0704500
3762,8100950
3763,PROTECTIVE INJ VIOL
3764,78404501A2G
3765,89610103B
3766,81002004A
3767,CRT ORD
3768,FAIL TO REP
3769,REG
3770,MISREP
3771,31606301
3772,31619102C
3773,81214502
3774,OUT O STATE
3775,BATT - PBL
3776,0700008
3777,AGGB
3778,DUMP VIOL
3779,82510252B
3780,INDECENT EXPOSURE
3781,81213002AB
3782,FAIL RP
3783,81215501
3784,DEF 18>
3785,32203003B
3786,37924312
3787,COMMERCIAL VEH
3788,UNDSZ
3789,74131004A
3790,PRACTICE W
3791,32766001A
3792,78407001D
3793,9430435
3794,SMASH.GRAB
3795,RECEIPT
3796,FALSE STAT
3797,8311800
3798,BURGLARY
3799,31607471
3800,79001001
3801,DV INJN
3802,SAFETY STAND
3803,IMP
3804,31619302B3
3805,0681400361B
3806,0064000
3807,8231100
3808,PREGNANT
3809,31619203ABC
3810,USE OTH DL
3811,8312900
3812,HORSE
3813,WRUNG TAILS
3814,81009002F
3815,"CHILD NEGLECT, ABUSE"
3816,81756808A
3817,F2
3818,81201506
3819,84319003
3820,3161950
3821,81214002A
3822,SECURITY
3823,O VIN
3824,PUB SERV
3825,MURDER 3RD
3826,BODILY HARM
3827,PSYCH SERV
3828,4900120
3829,>3
3830,ID REMOV
3831,77513002
3832,CORRPT
3833,8175650
3834,EMERGENCY VIO
3835,CURFEW VIOL
3836,06824000031
3837,PROHIB ACT
3838,LANE CHNG
3839,AUD
3840,CTY VIO
3841,DERIVE SUPT 2D
3842,AGG ASSLT
3843,80610001
3844,COMPUTER SERV
3845,UNLAW POSS 5+ INDET
3846,VEH SIDE WIND
3847,91422004B
3848,TRAFFIC DEV
3849,59012502B
3850,FAIL REDEL
3851,SDN
3852,HLTH PROFSN
3853,DET FAC EMP
3854,8174900
3855,89313001D1A
3856,7840750
3857,026100027B
3858,53804001
3859,78207101A
3860,H INFO
3861,06814003505
3862,ASS
3863,31619451A
3864,0469200B
3865,200<
3866,PS
3867,49900518
3868,WMD
3869,77521006G4
3870,INC CLM
3871,0218100A1
3872,ALCOHOL
3873,89313002A2
3874,50707001
3875,PERSN
3876,TRANS W
3877,94304354B1
3878,81014503
3879,BICYCLE
3880,L&L EXHIB ON<16BY<18
3881,3193500
3882,HARM MINRS
3883,8771300
3884,DRIVER
3885,JUNK
3886,81213102A
3887,CON SB
3888,REENC
3889,OFFICIAL MISCONDUCT
3890, >20K<100K
3891,SERV MK
3892,LIVESTO
3893,TRK
3894,82510201
3895,82704003
3896,89313501K2B
3897,OWN EQU
3898,ATTEMP
3899,SCNHND DL
3900,LEWD & LASC
3901,81762001
3902,DRK IN PUBLC
3903,<16
3904,3223400
3905,49900515
3906,FLS ID
3907,INTNET
3908,3792425
3909,BATT
3910,0-1000
3911,NO ENDOR
3912,DRIVE W
3913,CHLD ABANDONMENT
3914,OCC CONVEY
3915,25372002
3916,81723502
3917,GUEST
3918,HUMAN TRAFFICKIN
3919,OWNER
3920,HLTH CARE
3921,DISBL
3922,81201402C
3923,7840210L1
3924,79011502
3925,81201402C5
3926,79401105
3927,LOUD
3928,0704200
3929,DVRT
3930,84321001
3931,8370120
3932,0303000
3933,<14
3934,CRIM TRANSMISSIO
3935,32750001A
3936,ID
3937,SKATE
